skill_score,cgpa_score,location_score,domain_score,cgpa_raw,num_skills,num_req_skills,min_cgpa_req,label
0.6156,0.2468,0.5,0.3,4.94,7,3,6.5,0
0.372,0.2002,0.5,0.6,4.0,5,1,7.0,0
0.8883,0.3099,1.0,0.0,6.2,4,4,6.5,1
0.2384,0.332,1.0,0.3,6.64,5,3,7.0,0
0.9066,0.9818,0.5,1.0,9.82,4,2,6.0,1
0.5455,0.7521,1.0,0.0,7.52,4,4,5.5,1
0.5129,0.8628,0.0,1.0,8.63,2,2,7.5,1
0.6814,0.8378,0.5,1.0,8.38,3,1,6.5,1
0.5838,0.8264,0.0,0.0,8.26,2,4,6.0,0
0.2032,0.3231,1.0,0.6,6.46,5,4,6.5,0
0.8089,0.337,1.0,0.6,6.74,4,4,7.0,1
0.7725,0.3281,0.5,0.0,6.56,5,1,7.0,0
0.6755,0.2505,0.0,0.3,5.01,4,1,5.5,0
0.7841,0.28,0.0,0.3,5.6,2,4,6.0,0
0.5895,0.2726,0.5,0.3,5.45,7,3,7.0,0
0.2607,0.879,0.0,0.0,8.79,4,3,5.5,0
0.539,0.7871,0.5,0.6,7.87,1,1,7.0,1
0.6067,0.8175,1.0,0.3,8.17,2,1,7.0,1
0.4487,0.2837,1.0,1.0,5.67,3,4,6.5,1
0.4743,0.2482,1.0,0.3,4.96,2,3,6.0,0
0.1983,0.9095,1.0,0.6,9.1,1,4,5.5,1
0.3306,0.3303,1.0,0.6,6.61,6,1,7.5,0
0.7816,0.9724,1.0,1.0,9.72,6,3,7.5,1
0.5256,0.5834,1.0,1.0,5.83,3,2,5.5,1
0.4664,0.242,0.5,1.0,4.84,2,2,6.5,0
0.764,0.2769,0.0,0.6,5.54,4,2,7.5,0
0.6914,0.2083,0.5,0.6,4.17,2,3,6.0,0
0.5718,0.3567,1.0,0.6,7.13,4,4,7.5,1
0.4185,0.2398,0.5,1.0,4.8,4,2,6.0,0
0.5078,0.2469,1.0,0.3,4.94,6,1,6.0,1
0.4403,0.2743,0.5,0.0,5.49,5,1,6.5,0
0.7627,0.7899,1.0,0.3,7.9,2,5,6.0,1
0.2586,0.7695,1.0,1.0,7.7,1,4,6.0,1
0.6418,0.9649,1.0,0.3,9.65,1,1,6.5,1
0.8387,0.6019,1.0,0.3,6.02,5,2,6.0,1
0.7013,0.2118,0.0,0.0,4.24,5,5,5.5,0
0.7109,0.8658,1.0,1.0,8.66,4,1,7.5,1
0.5874,0.2893,0.0,1.0,5.79,1,4,6.5,0
0.6515,0.5759,0.0,1.0,5.76,4,3,5.5,1
0.6195,0.9812,1.0,0.0,9.81,2,2,5.5,1
0.8127,0.992,0.0,1.0,9.92,1,4,7.5,1
0.5755,0.8231,0.0,0.6,8.23,2,3,6.0,0
0.7185,0.75,0.0,1.0,7.5,7,4,5.5,1
0.2912,0.7323,0.0,0.3,7.32,1,2,7.0,0
0.69,0.9492,0.0,0.3,9.49,6,4,6.0,0
0.9076,0.3081,0.0,0.6,6.16,3,1,7.0,0
0.4084,0.9515,1.0,0.0,9.52,6,2,6.0,1
0.5528,0.8497,1.0,1.0,8.5,6,3,5.5,1
0.5187,0.8877,1.0,1.0,8.88,6,3,7.5,1
0.5522,0.9724,1.0,0.6,9.72,4,1,7.5,1
0.1443,0.7121,1.0,1.0,7.12,1,4,7.0,1
0.5738,0.2409,1.0,0.3,4.82,2,2,7.0,0
0.6134,0.6379,1.0,0.0,6.38,3,1,6.0,1
0.0962,0.3478,1.0,0.3,6.96,6,3,7.5,0
0.5345,0.254,1.0,0.6,5.08,1,3,7.0,1
0.6316,0.3043,1.0,0.3,6.09,6,1,7.5,1
0.6666,0.6887,0.0,1.0,6.89,7,5,6.5,0
0.2523,0.2708,1.0,0.0,5.42,7,2,7.0,0
0.553,0.2322,0.5,0.0,4.64,6,3,6.0,0
0.4666,0.7212,1.0,0.6,7.21,1,5,5.5,1
0.5272,0.8473,0.5,0.3,8.47,4,3,5.5,1
0.3217,0.9602,0.0,0.3,9.6,6,5,7.5,0
0.2835,0.2241,1.0,0.0,4.48,7,5,6.5,0
0.3467,0.2513,1.0,0.6,5.03,6,1,6.5,0
0.7326,0.7179,1.0,1.0,7.18,2,5,5.5,1
0.7506,0.7294,0.0,0.0,7.29,5,2,6.0,0
0.0208,0.232,1.0,0.0,4.64,6,4,7.5,0
0.2963,0.2419,0.0,0.0,4.84,5,4,5.5,0
0.6812,0.89,1.0,0.6,8.9,5,1,6.5,1
0.3166,0.7745,1.0,0.3,7.75,6,3,6.5,0
0.3854,0.8732,0.0,1.0,8.73,1,5,5.5,0
0.6662,0.8928,0.5,1.0,8.93,5,4,7.0,1
0.7944,0.8164,1.0,1.0,8.16,2,3,7.0,1
0.3756,0.769,1.0,0.0,7.69,5,2,6.0,1
0.3937,0.8243,0.5,0.0,8.24,1,4,6.0,0
0.4701,0.2996,0.5,1.0,5.99,7,5,6.5,0
0.3701,0.9181,0.5,1.0,9.18,7,2,6.0,1
0.8644,0.2934,1.0,0.0,5.87,7,3,7.5,1
0.1488,0.85,1.0,0.3,8.5,3,5,6.5,1
0.3389,0.7207,0.0,0.0,7.21,2,3,5.5,0
0.6126,0.3226,0.5,0.6,6.45,2,5,7.0,0
0.0997,0.7417,0.0,0.0,7.42,1,4,6.5,0
0.4842,0.8009,0.0,0.0,8.01,6,2,7.5,0
0.4868,0.9356,0.0,0.3,9.36,4,3,7.5,0
0.5084,0.3308,1.0,1.0,6.62,3,4,7.0,1
0.757,0.6909,1.0,0.6,6.91,6,1,5.5,1
0.8117,0.2055,1.0,0.3,4.11,5,2,6.0,1
0.6141,0.2411,1.0,0.6,4.82,7,3,5.5,1
0.6243,0.7114,0.0,0.0,7.11,4,3,6.0,0
0.6785,0.8329,0.5,1.0,8.33,6,2,6.5,1
0.6438,0.9049,1.0,0.3,9.05,6,3,5.5,1
0.1304,0.813,1.0,1.0,8.13,1,3,6.0,1
0.825,0.9504,1.0,0.6,9.5,1,2,7.5,1
0.5704,0.8345,1.0,0.6,8.34,2,1,5.5,1
0.6859,0.7335,1.0,0.0,7.33,7,5,6.0,1
0.2859,0.6731,1.0,0.3,6.73,2,1,6.5,0
0.6217,0.6427,1.0,1.0,6.43,4,5,5.5,1
0.705,0.9942,1.0,1.0,9.94,7,5,6.5,1
0.8031,0.7765,1.0,0.6,7.77,7,1,7.0,1
0.21,0.2862,0.0,0.0,5.72,2,5,7.0,0
0.278,0.97,1.0,1.0,9.7,5,3,7.5,1
0.6051,0.2195,1.0,0.0,4.39,5,5,7.0,0
0.4356,0.8805,1.0,0.6,8.8,1,3,5.5,1
0.8736,0.937,1.0,0.3,9.37,2,3,7.5,1
0.4913,0.2261,1.0,0.6,4.52,7,3,7.0,0
0.8108,0.3485,1.0,0.6,6.97,3,2,7.5,1
0.4611,0.2736,0.5,0.3,5.47,3,1,6.5,0
0.6832,0.9768,0.0,0.3,9.77,3,2,5.5,1
0.6443,0.2019,1.0,0.6,4.04,6,3,7.5,1
0.2955,0.8566,0.5,0.6,8.57,1,2,6.0,1
0.3742,0.2202,0.0,0.0,4.4,6,1,6.0,0
0.8694,0.2197,0.0,0.0,4.39,6,3,5.5,0
0.6275,0.3581,0.0,0.0,7.16,5,3,7.5,0
0.1402,0.3297,1.0,0.3,6.59,7,5,7.5,0
0.4456,0.2639,1.0,0.6,5.28,1,4,5.5,0
0.5138,0.6722,1.0,0.3,6.72,4,3,6.0,1
0.5189,0.2677,0.0,1.0,5.35,7,5,7.0,0
0.4495,0.688,1.0,1.0,6.88,5,1,6.5,1
0.3048,0.2427,1.0,0.0,4.85,4,1,7.0,0
0.3103,0.2236,1.0,1.0,4.47,6,2,6.0,0
0.5703,0.2156,1.0,1.0,4.31,2,4,5.5,1
0.7623,0.7286,0.5,0.0,7.29,6,2,6.0,0
0.8121,0.6876,1.0,0.3,6.88,2,3,6.5,1
0.4199,0.8315,1.0,0.0,8.32,1,3,7.5,1
0.8152,0.8456,1.0,1.0,8.46,5,4,7.0,1
0.2616,0.3187,1.0,0.6,6.37,2,2,7.0,1
0.6271,0.9016,1.0,1.0,9.02,3,2,5.5,1
0.6167,0.9224,0.0,0.6,9.22,4,2,5.5,0
0.7223,0.7592,1.0,0.6,7.59,5,3,7.0,1
0.8481,0.7527,0.0,0.0,7.53,1,1,7.0,0
0.4429,0.8834,1.0,0.0,8.83,7,4,7.0,1
0.5278,0.2674,0.5,0.6,5.35,5,3,7.5,0
0.4439,0.7094,1.0,0.0,7.09,7,4,6.0,0
0.2695,0.2468,1.0,1.0,4.94,7,2,7.5,0
0.5031,0.8773,0.0,0.6,8.77,1,1,7.0,0
0.2915,0.2145,1.0,1.0,4.29,1,1,5.5,0
0.4392,0.9554,1.0,1.0,9.55,6,2,6.5,1
0.4466,0.2974,0.5,0.6,5.95,2,5,7.0,0
0.0276,0.2505,0.5,1.0,5.01,2,1,6.0,0
0.4113,0.3196,0.5,0.3,6.39,7,4,7.5,0
0.4805,0.3293,1.0,0.3,6.59,4,1,7.5,0
0.2196,0.7139,1.0,0.3,7.14,5,4,6.5,0
0.1769,0.2543,0.0,0.3,5.09,2,5,7.0,0
0.3549,0.7159,1.0,0.3,7.16,5,5,6.5,0
0.0782,0.6121,0.5,1.0,6.12,3,5,6.0,0
0.5732,0.3272,1.0,1.0,6.54,7,1,7.5,1
0.4437,0.3173,1.0,0.0,6.35,1,1,7.5,0
0.6579,0.9948,1.0,0.3,9.95,6,3,7.0,1
0.2225,0.6407,1.0,0.6,6.41,3,1,5.5,1
0.357,0.7557,0.5,0.3,7.56,6,4,6.5,0
0.6832,0.7374,1.0,1.0,7.37,5,5,7.0,1
0.5904,0.2903,0.0,1.0,5.81,3,5,7.0,0
0.5162,0.2279,1.0,0.6,4.56,7,1,6.0,0
0.6231,0.2717,0.5,0.6,5.43,3,3,5.5,0
0.637,0.9109,0.0,1.0,9.11,4,1,6.0,1
0.4948,0.6418,0.0,1.0,6.42,3,2,6.0,0
0.3988,0.7638,0.5,1.0,7.64,6,5,5.5,1
0.278,0.2698,1.0,0.6,5.4,4,4,7.5,0
0.013,0.2648,0.5,0.6,5.3,4,3,6.0,0
0.7995,0.2892,0.0,1.0,5.78,1,3,6.5,0
0.7709,0.2687,0.5,0.6,5.37,7,4,7.5,1
0.3152,0.2584,0.5,1.0,5.17,4,5,6.5,0
0.6812,0.8086,0.0,0.3,8.09,1,5,7.5,1
0.2961,0.9066,1.0,0.3,9.07,2,4,7.5,1
0.3803,0.9737,1.0,1.0,9.74,1,1,5.5,1
0.538,0.8687,0.5,0.6,8.69,3,2,7.0,1
0.3161,0.993,1.0,0.6,9.93,5,1,7.5,1
0.0427,0.9824,0.0,0.0,9.82,7,3,6.5,0
0.5721,0.2247,1.0,0.6,4.49,1,1,7.0,0
0.5048,0.687,0.0,0.6,6.87,2,5,6.0,0
0.6468,0.247,1.0,0.3,4.94,7,1,6.0,0
0.2,0.9322,1.0,1.0,9.32,3,2,7.5,1
0.2982,0.9052,0.0,0.6,9.05,3,3,7.0,0
0.45,0.3465,1.0,1.0,6.93,5,3,7.0,1
0.3809,0.2483,1.0,1.0,4.97,1,4,6.0,0
0.6552,0.8398,0.5,1.0,8.4,3,2,6.5,1
0.751,0.3104,1.0,0.3,6.21,3,3,6.5,1
0.5732,0.3238,0.0,0.3,6.48,2,4,7.5,0
0.379,0.2676,1.0,0.6,5.35,4,2,7.0,0
0.7212,0.8476,1.0,0.6,8.48,6,5,6.0,1
0.7107,0.2662,1.0,1.0,5.32,4,3,6.5,1
0.1275,0.8115,1.0,0.3,8.12,3,1,7.0,0
0.7542,0.8186,1.0,0.3,8.19,5,3,6.5,1
0.6937,0.24,1.0,1.0,4.8,6,2,7.0,1
0.6626,0.204,0.0,0.3,4.08,2,4,7.0,0
0.4412,0.5609,0.0,0.0,5.61,5,4,5.5,0
0.7528,0.9399,0.0,1.0,9.4,3,4,6.0,1
0.4884,0.9877,0.0,0.3,9.88,3,2,7.5,0
0.1729,0.3635,0.5,0.6,7.27,5,2,7.5,0
0.6647,0.3286,1.0,0.6,6.57,2,1,7.5,1
0.3029,0.8838,1.0,0.3,8.84,3,3,6.0,0
0.6102,0.2615,1.0,0.3,5.23,7,4,7.5,0
0.6631,0.2316,0.5,0.0,4.63,7,1,7.0,0
0.4967,0.8545,0.5,1.0,8.54,5,1,7.5,1
0.749,0.9143,0.0,0.6,9.14,3,2,6.5,1
0.5465,0.2939,1.0,0.3,5.88,1,4,6.5,1
0.2839,0.9982,0.0,0.0,9.98,7,3,6.0,0
0.7257,0.8389,0.0,1.0,8.39,4,5,7.5,1
0.4225,0.8916,0.0,0.0,8.92,4,2,7.0,0
0.1732,0.2574,1.0,0.6,5.15,1,1,6.5,0
0.2615,0.8118,1.0,1.0,8.12,7,1,7.0,1
0.5795,0.3081,0.5,0.6,6.16,3,1,7.5,1
0.4758,0.5562,0.0,0.0,5.56,6,3,5.5,0
0.3193,0.3238,0.0,1.0,6.48,4,1,6.5,0
0.7032,0.8524,1.0,0.6,8.52,4,4,5.5,1
0.2779,0.2655,0.0,0.3,5.31,5,4,7.5,0
0.1465,0.58,1.0,1.0,5.8,4,3,5.5,1
0.6146,0.2719,1.0,1.0,5.44,6,4,5.5,1
0.3412,0.2345,0.0,1.0,4.69,1,5,7.5,0
0.3517,0.2413,0.5,0.6,4.83,2,4,6.5,0
0.6303,0.2313,1.0,1.0,4.63,5,3,7.0,1
0.2582,0.5526,1.0,1.0,5.53,5,4,5.5,0
0.1676,0.3409,1.0,0.0,6.82,4,1,7.5,0
0.5982,0.7076,0.5,0.0,7.08,6,1,6.5,0
0.6064,0.6961,0.5,1.0,6.96,6,3,6.5,1
0.8289,0.2775,1.0,1.0,5.55,1,5,7.5,1
0.5453,0.277,0.5,0.3,5.54,6,1,7.0,0
0.8023,0.6129,1.0,0.3,6.13,7,5,6.0,1
0.4059,0.2362,1.0,0.0,4.72,5,3,6.0,0
0.2346,0.2131,0.0,0.6,4.26,6,1,7.5,0
0.6024,0.2233,1.0,0.3,4.47,5,2,5.5,0
0.9349,0.9338,0.0,0.3,9.34,3,1,6.0,1
0.2275,0.8571,1.0,0.3,8.57,3,5,7.0,0
0.7801,0.9083,1.0,0.0,9.08,4,4,6.0,1
0.429,0.2627,0.5,0.3,5.25,3,2,6.5,0
0.2749,0.3124,1.0,0.6,6.25,7,4,6.5,0
0.2278,0.8641,1.0,0.6,8.64,5,1,7.5,1
0.2688,0.2584,0.0,1.0,5.17,5,4,5.5,0
0.7879,0.8901,1.0,1.0,8.9,3,5,7.0,1
0.6136,0.2118,1.0,0.0,4.24,5,4,5.5,0
0.0763,0.8475,1.0,0.6,8.48,5,1,7.0,0
0.3047,0.2907,0.0,1.0,5.81,6,3,7.0,0
0.0861,0.8587,0.5,1.0,8.59,7,5,7.0,0
0.8236,0.2936,1.0,0.6,5.87,3,5,6.5,1
0.3634,0.8155,0.5,1.0,8.16,6,5,6.0,1
0.563,0.8427,0.0,0.0,8.43,5,1,5.5,0
0.6137,0.2313,0.5,0.0,4.63,2,4,5.5,0
0.8932,0.7004,0.0,1.0,7.0,4,4,6.0,1
0.5951,0.2457,1.0,1.0,4.91,6,5,6.5,1
0.434,0.8319,1.0,0.0,8.32,2,4,6.0,1
0.2716,0.7315,1.0,0.3,7.32,5,3,7.0,0
0.5389,0.8492,1.0,0.0,8.49,7,1,5.5,1
0.4775,0.3081,1.0,0.6,6.16,1,3,6.5,1
0.866,0.2348,1.0,1.0,4.7,5,1,6.0,1
0.5432,0.2835,1.0,0.3,5.67,1,4,6.5,0
0.4087,0.9741,0.5,0.3,9.74,1,3,7.0,0
0.4243,0.8933,1.0,1.0,8.93,1,1,6.0,1
0.4823,0.9585,0.5,0.6,9.58,2,3,7.0,1
0.2224,0.6207,1.0,0.0,6.21,1,2,5.5,0
0.5898,0.9693,0.5,0.6,9.69,1,3,6.5,1
0.5488,0.8065,0.0,0.3,8.07,7,4,7.0,0
0.3602,0.3103,0.5,1.0,6.21,6,5,7.5,0
0.3669,0.729,0.0,1.0,7.29,7,3,7.0,0
0.2397,0.2197,1.0,0.6,4.39,5,2,5.5,0
0.3691,0.7184,1.0,0.0,7.18,2,3,7.0,0
0.4851,0.8688,1.0,0.6,8.69,3,3,7.5,1
0.7775,0.3012,1.0,0.6,6.02,1,1,7.0,1
0.1753,0.2906,1.0,1.0,5.81,7,5,6.0,0
0.2009,0.9184,1.0,0.0,9.18,5,3,7.0,1
0.0362,0.7819,1.0,0.3,7.82,3,2,7.0,0
0.1688,0.9717,1.0,1.0,9.72,7,5,6.0,1
0.3545,0.9012,1.0,0.3,9.01,5,4,7.0,1
0.4234,0.2286,0.5,1.0,4.57,3,1,7.5,0
0.4093,0.6889,1.0,1.0,6.89,4,4,6.5,1
0.4103,0.7384,1.0,1.0,7.38,2,4,6.5,1
0.5499,0.2445,0.5,1.0,4.89,1,5,7.5,0
0.4713,0.6581,1.0,1.0,6.58,5,5,6.0,1
0.5413,0.7563,0.5,0.3,7.56,6,1,7.0,1
0.4668,0.7094,0.0,0.6,7.09,7,5,5.5,0
0.5807,0.9838,0.0,0.0,9.84,5,4,7.5,0
0.8235,0.6536,1.0,1.0,6.54,6,5,6.0,1
0.6801,0.8525,0.0,0.3,8.53,6,5,7.5,0
0.8703,0.6891,1.0,0.0,6.89,4,4,5.5,1
0.4607,0.6693,1.0,0.0,6.69,7,3,6.0,0
0.2698,0.2427,1.0,1.0,4.85,4,5,7.0,1
0.5956,0.2489,0.0,1.0,4.98,2,1,7.0,0
0.2311,0.7279,1.0,1.0,7.28,3,5,5.5,1
0.6893,0.2395,1.0,0.6,4.79,1,4,6.0,1
0.2903,0.9612,1.0,0.3,9.61,7,3,6.0,0
0.3131,0.3292,0.0,1.0,6.58,6,5,7.0,0
0.8469,0.3122,1.0,1.0,6.24,1,5,7.0,1
0.5017,0.2976,0.0,0.6,5.95,1,1,6.0,0
0.715,0.2569,0.5,0.3,5.14,1,1,7.0,0
0.7927,0.7941,0.0,1.0,7.94,3,3,6.0,1
0.7018,0.2802,0.5,0.6,5.6,6,3,6.0,0
0.3714,0.2006,0.0,0.0,4.01,1,3,7.0,0
0.5366,0.8207,1.0,0.3,8.21,5,4,5.5,1
0.6101,0.7703,1.0,0.3,7.7,2,2,5.5,1
0.4935,0.9978,1.0,0.3,9.98,1,3,7.0,1
0.464,0.2643,0.0,0.6,5.29,3,2,7.5,0
0.5886,0.9031,0.0,1.0,9.03,4,3,6.5,1
0.5968,0.8798,1.0,1.0,8.8,4,4,5.5,1
0.5687,0.9002,0.0,1.0,9.0,2,4,7.0,1
0.3705,0.7541,0.0,0.3,7.54,3,4,7.5,0
0.5915,0.7099,1.0,1.0,7.1,2,4,5.5,1
0.5356,0.275,0.5,0.3,5.5,7,1,6.0,0
0.2862,0.298,0.0,0.3,5.96,1,2,6.0,0
0.3932,0.9306,0.5,0.0,9.31,7,3,7.0,0
0.03,0.3468,1.0,1.0,6.94,1,5,7.5,0
0.5166,0.2667,0.5,0.0,5.33,2,4,5.5,0
0.1205,0.9917,0.5,0.6,9.92,7,1,5.5,0
0.3352,0.9223,1.0,0.6,9.22,5,5,6.0,1
0.2259,0.8589,1.0,0.6,8.59,7,2,6.5,0
0.5815,0.7771,1.0,0.6,7.77,4,1,6.0,1
0.3903,0.2857,1.0,1.0,5.71,3,3,7.5,1
0.3586,0.261,1.0,1.0,5.22,7,1,7.0,1
0.2826,0.2695,0.5,0.3,5.39,3,2,7.5,0
0.5922,0.794,1.0,1.0,7.94,3,3,6.5,1
0.3004,0.7486,1.0,1.0,7.49,2,2,5.5,1
0.2507,0.8454,0.5,0.0,8.45,1,4,7.0,0
0.0812,0.725,0.5,1.0,7.25,4,2,6.0,0
0.192,0.9212,0.0,0.0,9.21,4,3,6.0,0
0.7556,0.5632,1.0,0.6,5.63,7,3,5.5,1
0.4508,0.7572,1.0,1.0,7.57,7,5,6.0,1
0.1432,0.2779,1.0,0.6,5.56,5,3,7.5,0
0.2268,0.8417,1.0,0.3,8.42,6,2,7.5,1
0.5237,0.2724,1.0,1.0,5.45,5,1,7.5,1
0.4693,0.2047,0.0,1.0,4.09,1,4,6.0,0
0.6345,0.3743,0.5,1.0,7.49,5,3,7.5,1
0.8467,0.3026,0.5,0.6,6.05,7,3,7.5,1
0.2973,0.9695,1.0,0.3,9.7,2,3,7.5,1
0.7687,0.7892,1.0,1.0,7.89,6,3,6.0,1
0.068,0.8112,1.0,1.0,8.11,7,3,5.5,1
0.4085,0.2461,1.0,0.6,4.92,1,2,7.5,0
0.4341,0.2254,0.0,1.0,4.51,4,3,7.0,0
0.7595,0.9983,1.0,0.6,9.98,5,2,7.0,1
0.6153,0.8016,0.0,0.3,8.02,6,5,6.0,0
0.5106,0.2303,1.0,1.0,4.61,7,5,7.0,1
0.5159,0.2062,0.5,0.6,4.12,7,4,6.0,0
0.7099,0.9188,1.0,1.0,9.19,7,3,6.0,1
0.1908,0.5642,1.0,0.0,5.64,1,2,5.5,0
0.7978,0.8662,1.0,1.0,8.66,7,5,6.0,1
0.7882,0.6899,1.0,0.6,6.9,4,1,6.5,1
0.7751,0.9709,1.0,0.6,9.71,6,3,7.5,1
0.5877,0.2838,0.0,0.0,5.68,5,3,7.0,0
0.6065,0.2429,1.0,0.3,4.86,2,3,6.5,1
0.6184,0.7534,1.0,1.0,7.53,5,5,7.0,1
0.171,0.2281,0.0,0.3,4.56,2,3,6.0,0
0.2611,0.8563,1.0,1.0,8.56,6,2,6.0,1
0.6885,0.8577,1.0,0.6,8.58,3,4,5.5,1
0.9276,0.957,1.0,0.3,9.57,4,3,5.5,1
0.6158,0.9534,1.0,0.3,9.53,1,3,7.0,1
0.6668,0.7395,1.0,0.6,7.39,6,5,6.0,1
0.9032,0.2881,1.0,0.6,5.76,7,4,6.5,1
0.1865,0.6102,1.0,0.0,6.1,3,4,5.5,0
0.8869,0.6657,1.0,0.6,6.66,2,2,5.5,1
0.5322,0.272,0.5,0.6,5.44,7,5,7.0,0
0.2716,0.7467,1.0,0.0,7.47,5,3,6.5,0
0.8009,0.9308,0.5,0.6,9.31,4,4,7.0,1
0.826,0.8986,1.0,0.3,8.99,6,5,7.5,1
0.5871,0.235,0.0,0.3,4.7,6,1,7.5,0
0.5117,0.7363,1.0,0.0,7.36,1,3,7.0,1
0.3046,0.7952,1.0,1.0,7.95,4,4,7.0,1
0.6927,0.2095,0.0,0.0,4.19,5,2,6.0,0
0.1295,0.7466,0.0,1.0,7.47,5,1,6.0,0
0.2091,0.9008,0.0,0.3,9.01,6,3,7.5,0
0.5381,0.9595,1.0,0.6,9.6,6,2,7.5,1
0.178,0.9827,0.0,0.3,9.83,1,5,5.5,0
0.4229,0.2694,1.0,0.6,5.39,2,4,6.5,0
0.5224,0.8055,1.0,0.0,8.05,7,4,7.5,1
0.3199,0.2287,0.5,1.0,4.57,7,1,6.5,0
0.5001,0.2274,1.0,0.3,4.55,2,5,6.0,0
0.253,0.6603,1.0,0.3,6.6,1,5,6.0,1
0.3333,0.5946,0.5,0.6,5.95,1,3,5.5,0
0.4225,0.9942,0.0,0.6,9.94,1,4,6.5,0
0.4413,0.9502,0.0,0.6,9.5,4,2,5.5,0
0.6925,0.205,0.0,0.3,4.1,4,2,6.5,0
0.5812,0.5666,0.0,0.0,5.67,2,2,5.5,0
0.3007,0.8724,0.5,1.0,8.72,4,4,6.0,1
0.6409,0.3124,1.0,1.0,6.25,4,5,7.0,1
0.676,0.9224,1.0,1.0,9.22,7,5,6.0,1
0.2395,0.2626,1.0,1.0,5.25,3,4,7.5,0
0.7736,0.7509,0.0,0.6,7.51,7,2,6.5,0
0.5455,0.3234,0.0,0.6,6.47,7,1,7.0,0
0.5242,0.2105,1.0,0.0,4.21,2,5,7.0,0
0.4198,0.2868,0.5,0.6,5.74,2,3,7.5,0
0.6499,0.8135,1.0,0.0,8.13,3,5,5.5,1
0.7494,0.2309,1.0,1.0,4.62,3,2,6.0,1
0.3875,0.7452,1.0,0.3,7.45,6,4,7.0,1
0.8443,0.218,1.0,0.0,4.36,6,1,7.5,1
0.8946,0.6792,0.0,0.0,6.79,2,1,5.5,0
0.9701,0.7983,1.0,0.0,7.98,5,4,6.0,1
0.9461,0.8801,1.0,1.0,8.8,4,4,6.0,1
0.7355,0.2761,1.0,0.3,5.52,3,3,7.5,0
0.3973,0.9024,1.0,0.6,9.02,7,4,7.5,1
0.6773,0.2896,1.0,0.3,5.79,1,5,6.5,0
0.565,0.7394,0.5,0.6,7.39,5,1,5.5,1
0.6964,0.2243,0.0,1.0,4.49,5,2,6.5,0
0.877,0.9157,1.0,0.0,9.16,3,1,7.5,1
0.506,0.7,0.0,0.0,7.0,5,3,6.5,0
0.9006,0.2377,0.5,0.6,4.75,2,3,6.0,1
0.7202,0.7827,0.5,0.6,7.83,3,2,6.5,1
0.8969,0.7499,1.0,1.0,7.5,7,5,6.5,1
0.6161,0.9545,1.0,0.3,9.54,1,5,7.5,1
0.8063,0.9608,1.0,1.0,9.61,7,2,7.5,1
0.5661,0.7949,0.5,0.0,7.95,3,4,5.5,1
0.3603,0.7889,1.0,0.0,7.89,2,1,5.5,0
0.4516,0.238,0.0,0.6,4.76,4,2,7.5,0
0.3882,0.2886,1.0,1.0,5.77,3,3,7.0,1
0.4247,0.7574,0.5,0.6,7.57,7,2,5.5,0
0.779,0.2921,1.0,0.3,5.84,1,2,7.5,1
0.6297,0.9974,0.0,1.0,9.97,2,1,5.5,1
0.7065,0.3701,1.0,0.3,7.4,7,2,7.5,0
0.6065,0.6655,0.5,0.0,6.66,7,2,6.5,0
0.3396,0.6797,1.0,0.6,6.8,5,3,5.5,1
0.8339,0.2179,1.0,0.3,4.36,2,5,7.5,1
0.6482,0.2607,0.5,0.6,5.21,6,4,6.5,0
0.7407,0.2186,1.0,0.3,4.37,7,5,7.5,1
0.5142,0.6707,0.0,0.0,6.71,3,1,6.0,0
0.7311,0.9937,0.0,0.3,9.94,3,1,7.5,1
0.4661,0.3246,0.0,1.0,6.49,4,1,7.0,0
0.4212,0.3471,0.0,1.0,6.94,1,4,7.5,0
0.0515,0.5684,1.0,0.3,5.68,7,3,5.5,0
0.824,0.205,1.0,0.6,4.1,2,4,6.5,1
0.493,0.8152,0.5,0.6,8.15,7,3,6.0,1
0.3437,0.9964,0.5,0.0,9.96,7,5,7.0,0
0.4022,0.7534,1.0,0.0,7.53,3,2,7.5,0
0.5654,0.2076,0.0,0.6,4.15,7,2,6.0,0
0.19,0.2392,0.0,0.6,4.78,7,4,5.5,0
0.1155,0.2857,1.0,0.0,5.71,3,2,7.5,0
0.6958,0.7128,0.0,1.0,7.13,4,1,5.5,1
0.3869,0.8499,0.5,0.0,8.5,1,1,6.5,0
0.2189,0.7538,1.0,1.0,7.54,3,2,5.5,1
0.0721,0.5761,1.0,1.0,5.76,7,3,5.5,0
0.5067,0.8416,1.0,0.0,8.42,7,1,7.5,1
0.3652,0.9155,0.0,1.0,9.15,4,5,7.5,1
0.2487,0.8691,0.5,0.0,8.69,7,2,5.5,0
0.2556,0.3101,1.0,1.0,6.2,2,3,6.5,0
0.4453,0.9456,0.5,1.0,9.46,7,1,7.0,1
0.4039,0.9419,1.0,0.6,9.42,2,4,6.5,1
0.4528,0.9471,0.5,0.0,9.47,7,5,6.0,0
0.7302,0.2531,1.0,0.3,5.06,6,3,7.5,1
0.1775,0.823,1.0,0.3,8.23,3,3,7.0,1
0.4251,0.8923,0.0,1.0,8.92,5,1,6.0,0
0.2918,0.8256,1.0,0.0,8.26,4,5,6.5,0
0.8048,0.2213,1.0,0.3,4.43,7,2,6.5,1
0.4846,0.2418,1.0,0.3,4.84,1,5,7.0,0
0.2176,0.7047,0.0,0.6,7.05,6,2,6.5,0
0.5513,0.8922,0.5,0.3,8.92,1,3,6.0,1
0.0895,0.3306,1.0,0.6,6.61,3,1,7.0,0
0.7186,0.8933,0.0,1.0,8.93,6,3,7.5,1
0.3215,0.6249,0.0,0.0,6.25,4,2,5.5,0
0.7703,0.8054,1.0,0.0,8.05,1,2,6.0,1
0.556,0.8527,1.0,1.0,8.53,1,4,6.0,1
0.1492,0.2704,1.0,0.0,5.41,6,4,6.5,0
0.4946,0.7333,1.0,1.0,7.33,3,5,7.0,1
0.4092,0.5786,1.0,1.0,5.79,6,1,5.5,1
0.563,0.2128,0.0,0.6,4.26,5,5,7.5,0
0.7026,0.2347,0.0,1.0,4.69,2,3,7.0,1
0.5845,0.8206,1.0,1.0,8.21,5,1,6.0,1
0.7114,0.3132,0.0,0.3,6.26,1,2,7.5,0
0.1586,0.8236,0.0,1.0,8.24,7,2,6.0,0
0.3828,0.2438,1.0,0.6,4.88,1,3,5.5,1
0.0671,0.7715,1.0,0.3,7.72,2,4,6.0,0
0.4834,0.7519,0.0,0.6,7.52,4,1,6.5,0
0.989,0.6474,0.0,0.6,6.47,1,3,6.0,1
0.6944,0.2018,0.5,0.0,4.04,4,1,5.5,0
0.6573,0.2847,0.0,0.0,5.69,5,1,6.0,0
0.4207,0.9712,0.0,0.3,9.71,7,3,7.0,0
0.1444,0.7745,1.0,0.6,7.75,3,2,7.5,0
0.2964,0.8998,1.0,0.3,9.0,4,5,7.0,1
0.3684,0.2188,1.0,0.6,4.38,5,4,6.0,0
0.7062,0.2081,1.0,1.0,4.16,7,3,7.0,1
0.1864,0.8244,1.0,0.6,8.24,4,2,6.0,0
0.7822,0.2415,1.0,0.6,4.83,4,4,6.0,1
0.2428,0.7891,0.5,1.0,7.89,4,2,7.5,1
0.3771,0.9218,1.0,0.3,9.22,5,3,6.5,1
0.551,0.2859,1.0,1.0,5.72,5,5,6.0,1
0.7649,0.2579,1.0,0.0,5.16,1,2,6.0,0
0.1144,0.6278,1.0,1.0,6.28,4,2,5.5,1
0.6112,0.7615,0.5,0.6,7.61,2,2,5.5,1
0.1036,0.283,0.0,1.0,5.66,4,2,7.5,0
0.2296,0.2948,0.0,0.6,5.9,7,2,6.0,0
0.8125,0.5688,0.0,0.0,5.69,3,2,5.5,0
0.6954,0.2186,1.0,0.6,4.37,1,3,6.0,1
0.1634,0.5505,1.0,1.0,5.51,5,2,5.5,0
0.575,0.2694,1.0,0.6,5.39,1,3,7.0,1
0.0878,0.287,0.0,0.3,5.74,7,3,6.0,0
0.3625,0.3639,0.0,0.6,7.28,3,5,7.5,0
0.4493,0.9164,0.5,1.0,9.16,2,5,7.0,1
0.4373,0.7224,1.0,0.0,7.22,2,4,6.5,0
0.5768,0.2903,0.0,0.6,5.81,5,1,7.0,0
0.864,0.9084,0.0,1.0,9.08,7,3,7.5,1
0.2426,0.226,0.5,1.0,4.52,5,4,7.0,0
0.6946,0.5653,1.0,1.0,5.65,7,1,5.5,1
0.7391,0.2848,1.0,0.0,5.7,6,4,7.0,0
0.3987,0.9103,0.5,1.0,9.1,3,1,6.5,1
0.0909,0.2175,0.5,0.6,4.35,2,2,7.5,0
0.3843,0.205,0.5,0.6,4.1,1,3,7.0,0
0.7211,0.9874,1.0,0.6,9.87,3,2,6.5,1
0.6096,0.2885,0.0,1.0,5.77,3,1,7.0,0
0.5571,0.8959,0.5,0.6,8.96,4,4,7.5,1
0.4105,0.7079,0.5,0.3,7.08,4,3,7.0,0
0.6166,0.3456,0.5,0.3,6.91,7,5,7.5,0
0.3301,0.2141,1.0,0.6,4.28,1,4,6.0,0
0.6444,0.6862,1.0,0.3,6.86,7,1,6.0,1
0.655,0.2836,1.0,0.3,5.67,5,5,7.0,0
0.7491,0.3319,0.5,0.0,6.64,7,4,7.5,0
0.5597,0.9458,1.0,0.6,9.46,5,2,5.5,1
0.5725,0.8492,0.0,0.6,8.49,7,2,7.5,0
0.4134,0.2682,1.0,1.0,5.36,6,5,6.5,1
0.7878,0.3041,0.5,1.0,6.08,1,4,7.0,1
0.7033,0.7027,1.0,1.0,7.03,3,4,6.5,1
0.4745,0.6701,0.0,0.6,6.7,7,4,6.0,0
0.4319,0.333,0.0,0.3,6.66,2,3,7.0,0
0.3685,0.9691,0.5,1.0,9.69,2,2,7.0,1
0.3266,0.8088,0.0,0.6,8.09,4,3,6.5,0
0.6799,0.2091,0.5,1.0,4.18,5,2,6.0,1
0.6249,0.2762,0.0,0.3,5.52,4,2,6.0,0
0.5514,0.3173,1.0,0.3,6.35,3,3,7.0,0
0.6146,0.915,0.0,0.3,9.15,3,1,7.5,0
0.2494,0.6665,0.0,0.6,6.67,7,3,6.5,0
0.8245,0.2469,0.0,0.6,4.94,3,3,7.5,0
0.7929,0.2081,0.5,0.0,4.16,7,5,7.5,0
0.4201,0.9566,0.5,0.6,9.57,6,5,6.5,1
0.4088,0.6997,0.5,0.6,7.0,4,1,5.5,0
0.3229,0.7273,1.0,0.0,7.27,3,4,6.0,0
0.0161,0.9208,0.0,0.0,9.21,4,5,7.5,0
0.4549,0.9658,1.0,0.6,9.66,5,2,6.0,1
0.411,0.8735,0.0,0.6,8.73,4,3,7.5,0
0.4067,0.7901,0.5,0.0,7.9,1,3,5.5,0
0.4453,0.3281,1.0,0.3,6.56,6,5,7.0,0
0.3664,0.7971,1.0,1.0,7.97,5,5,6.0,1
0.413,0.7586,0.5,0.6,7.59,7,5,7.0,0
0.575,0.9033,1.0,0.3,9.03,1,5,6.5,1
0.4414,0.7635,1.0,0.0,7.63,1,5,6.0,1
0.1907,0.2171,0.0,0.3,4.34,5,4,5.5,0
0.8692,0.8294,0.0,0.3,8.29,5,2,7.5,0
0.2839,0.777,1.0,0.6,7.77,1,5,7.0,1
0.4291,0.8485,0.5,1.0,8.49,1,1,7.0,1
0.4989,0.2706,0.5,0.0,5.41,5,2,7.0,0
0.4654,0.552,1.0,0.6,5.52,2,3,5.5,1
0.7584,0.259,1.0,0.6,5.18,1,4,6.0,1
0.6069,0.6014,1.0,0.0,6.01,2,3,5.5,0
0.5891,0.3612,1.0,0.3,7.22,4,4,7.5,0
0.6473,0.995,0.0,0.6,9.95,2,4,7.5,1
0.8102,0.8903,0.5,0.6,8.9,4,5,7.0,1
0.3248,0.2759,0.0,0.0,5.52,2,1,7.0,0
0.3104,0.2899,1.0,0.3,5.8,1,1,6.0,0
0.5589,0.9457,1.0,0.0,9.46,2,1,7.0,1
0.5825,0.7781,1.0,0.0,7.78,7,5,7.5,1
0.3376,0.2265,1.0,0.6,4.53,2,3,6.0,0
0.4959,0.217,0.0,0.3,4.34,7,2,7.0,0
0.6123,0.8517,0.5,1.0,8.52,5,3,6.5,1
0.3512,0.7626,0.0,0.0,7.63,2,2,6.0,0
0.6904,0.296,0.0,1.0,5.92,1,1,6.0,0
0.3348,0.7151,0.5,1.0,7.15,2,5,6.0,1
0.4744,0.2632,0.0,0.6,5.26,2,4,7.5,0
0.3747,0.8207,0.5,1.0,8.21,6,2,7.5,1
0.2763,0.6707,0.5,0.0,6.71,3,1,6.0,0
0.5737,0.7198,0.0,0.3,7.2,6,3,6.5,0
0.3724,0.2494,1.0,1.0,4.99,1,5,6.0,0
0.2474,0.6579,1.0,0.3,6.58,4,4,5.5,0
0.1098,0.2236,0.5,0.3,4.47,5,5,6.0,0
0.5102,0.262,0.0,1.0,5.24,3,2,5.5,0
0.2793,0.8452,1.0,1.0,8.45,5,3,5.5,1
0.4707,0.2242,0.0,1.0,4.48,7,3,5.5,0
0.281,0.2867,1.0,0.3,5.73,5,3,6.5,0
0.7176,0.7016,0.0,0.0,7.02,2,1,5.5,0
0.5951,0.8909,1.0,1.0,8.91,2,1,7.0,1
0.7606,0.7679,1.0,1.0,7.68,1,3,5.5,1
0.7331,0.841,1.0,0.0,8.41,2,4,5.5,1
0.6733,0.2303,1.0,0.6,4.61,4,3,7.5,1
0.5621,0.3155,0.0,0.6,6.31,2,5,7.0,0
0.5364,0.8888,0.5,0.3,8.89,7,1,5.5,1
0.6476,0.6032,1.0,1.0,6.03,7,2,5.5,1
0.6748,0.2512,1.0,0.6,5.02,7,3,5.5,1
0.5633,0.273,0.0,1.0,5.46,4,1,6.5,0
0.7012,0.2615,1.0,0.0,5.23,7,5,6.0,1
0.8344,0.238,0.0,0.0,4.76,6,4,5.5,0
0.5742,0.2809,0.5,0.0,5.62,1,4,6.0,0
0.5038,0.9023,1.0,0.0,9.02,7,4,5.5,1
0.4147,0.294,0.5,1.0,5.88,7,4,7.0,0
0.9089,0.9256,0.0,0.6,9.26,2,2,7.5,1
0.6051,0.7032,1.0,1.0,7.03,7,1,6.5,1
0.6829,0.3117,0.0,0.6,6.23,4,1,7.0,0
0.7505,0.2479,1.0,0.3,4.96,4,4,6.5,1
0.6537,0.2723,0.0,0.6,5.45,6,3,6.5,0
0.4671,0.273,1.0,0.6,5.46,4,1,7.0,0
0.8852,0.956,1.0,0.6,9.56,2,2,6.5,1
0.5891,0.7394,1.0,1.0,7.39,1,5,6.0,1
0.349,0.9916,1.0,1.0,9.92,4,1,6.0,1
0.1908,0.7904,0.0,0.3,7.9,7,5,6.5,0
0.6904,0.2032,1.0,0.3,4.06,1,3,7.0,0
0.5266,0.8039,1.0,0.0,8.04,2,3,5.5,1
0.4088,0.2909,1.0,0.0,5.82,3,2,7.5,0
0.765,0.9062,1.0,1.0,9.06,7,5,7.0,1
0.4576,0.98,1.0,1.0,9.8,1,3,6.0,1
0.3669,0.3115,1.0,0.0,6.23,7,3,6.5,0
0.1339,0.3452,1.0,1.0,6.9,1,1,7.5,0
0.5425,0.7274,1.0,0.3,7.27,7,2,5.5,1
0.7586,0.2283,1.0,0.6,4.57,6,4,5.5,1
0.1986,0.9209,0.0,1.0,9.21,3,1,7.5,0
0.517,0.6685,1.0,0.6,6.69,1,2,5.5,1
0.4274,0.7493,1.0,0.6,7.49,7,1,6.5,1
0.1452,0.2084,1.0,0.3,4.17,7,3,6.5,0
0.4391,0.2422,0.5,0.6,4.84,6,3,7.0,0
0.6847,0.2179,0.0,1.0,4.36,6,5,6.5,0
0.6032,0.9316,1.0,0.3,9.32,7,2,5.5,1
0.3064,0.8381,0.0,1.0,8.38,6,2,5.5,0
0.1231,0.6272,1.0,0.3,6.27,3,5,6.0,0
0.3428,0.9813,1.0,1.0,9.81,7,3,5.5,1
0.3104,0.7693,0.5,0.3,7.69,3,4,6.5,0
0.3122,0.7229,1.0,1.0,7.23,6,3,6.5,1
0.3376,0.8523,0.0,0.6,8.52,6,4,5.5,0
0.6153,0.6546,0.0,1.0,6.55,1,4,5.5,0
0.3377,0.2436,0.0,0.0,4.87,1,5,6.0,0
0.4446,0.8099,1.0,0.6,8.1,4,2,5.5,1
0.6084,0.8755,1.0,1.0,8.76,5,1,7.5,1
0.4651,0.2978,0.0,0.6,5.96,7,1,6.0,0
0.8215,0.9804,0.0,0.6,9.8,6,1,7.0,1
0.9152,0.7514,0.0,0.3,7.51,3,2,7.0,1
0.264,0.7647,0.0,1.0,7.65,7,5,6.0,0
0.2468,0.3357,1.0,1.0,6.71,1,5,7.0,0
0.335,0.9476,0.5,0.3,9.48,2,2,7.0,1
0.7686,0.8171,1.0,0.3,8.17,7,1,6.5,1
0.2101,0.7578,1.0,0.0,7.58,3,1,7.0,0
0.6645,0.8585,0.0,1.0,8.58,5,1,7.5,1
0.301,0.3219,1.0,0.0,6.44,2,1,6.5,0
0.2426,0.2415,1.0,0.0,4.83,5,2,5.5,0
0.7004,0.268,0.0,0.6,5.36,7,3,6.5,0
0.4519,0.6452,1.0,0.0,6.45,4,2,6.0,0
0.8739,0.3164,1.0,0.3,6.33,7,5,7.5,1
0.7088,0.2739,1.0,0.6,5.48,7,5,7.0,1
0.2356,0.2053,0.0,0.3,4.11,5,1,7.5,0
0.3142,0.7371,0.5,1.0,7.37,3,1,6.0,0
0.4026,0.6756,0.0,0.3,6.76,1,1,5.5,0
0.9936,0.2391,1.0,0.3,4.78,6,3,5.5,1
0.2705,0.7298,0.0,0.0,7.3,6,4,6.0,0
0.3619,0.9331,0.0,0.6,9.33,1,2,6.0,0
0.9081,0.2913,1.0,0.6,5.83,1,3,7.0,1
0.5178,0.5711,1.0,0.6,5.71,6,5,5.5,1
0.3803,0.215,0.0,0.3,4.3,3,2,7.0,0
0.0508,0.2823,1.0,1.0,5.65,2,1,7.0,0
0.1549,0.813,0.0,0.6,8.13,4,5,5.5,0
0.4644,0.8798,1.0,0.0,8.8,2,5,5.5,0
0.1009,0.2164,1.0,1.0,4.33,6,2,7.0,0
0.4934,0.2641,0.0,1.0,5.28,1,5,7.0,0
0.4202,0.2318,1.0,1.0,4.64,5,3,6.5,0
0.6695,0.7594,1.0,0.6,7.59,2,1,7.0,1
0.5361,0.9237,0.0,1.0,9.24,2,1,6.0,1
0.7893,0.8397,0.5,0.0,8.4,3,1,6.0,1
0.3453,0.2015,0.0,0.6,4.03,5,1,7.0,0
0.3661,0.9377,0.5,0.6,9.38,2,2,6.0,0
0.5957,0.2157,1.0,0.3,4.31,4,1,5.5,1
0.7053,0.8034,1.0,0.0,8.03,6,4,7.0,1
0.4351,0.2845,0.0,0.6,5.69,6,2,6.0,0
0.9311,0.3494,1.0,0.6,6.99,2,1,7.5,1
0.5566,0.9295,0.5,0.0,9.29,1,3,6.0,1
0.2801,0.9736,1.0,1.0,9.74,6,1,6.5,1
0.4727,0.3243,1.0,0.6,6.49,2,1,7.0,1
0.5228,0.901,0.5,0.6,9.01,1,5,6.0,1
0.2418,0.7478,1.0,1.0,7.48,2,3,5.5,1
0.8165,0.3162,0.0,0.6,6.32,7,5,6.5,0
0.1795,0.2063,0.0,1.0,4.13,5,4,5.5,0
0.1665,0.3205,0.5,0.0,6.41,4,4,6.5,0
0.1921,0.9017,0.0,1.0,9.02,6,4,6.0,0
0.8002,0.2235,1.0,0.0,4.47,4,1,6.5,1
0.5629,0.6781,0.5,0.6,6.78,2,1,5.5,0
0.0372,0.6027,1.0,0.6,6.03,2,3,6.0,0
0.3317,0.322,1.0,0.0,6.44,4,2,7.5,0
0.6182,0.9539,0.0,0.3,9.54,1,1,7.0,0
0.7322,0.2965,0.0,0.3,5.93,7,2,7.0,0
0.5635,0.2636,0.0,0.6,5.27,2,3,6.5,0
0.471,0.9445,0.5,0.6,9.44,4,3,7.5,0
0.3481,0.6765,0.0,1.0,6.77,3,1,6.0,0
0.5474,0.2139,0.0,0.3,4.28,3,5,5.5,0
0.673,0.7051,1.0,0.0,7.05,1,5,7.0,1
0.1481,0.2396,0.5,1.0,4.79,2,5,7.0,0
0.2695,0.8623,0.5,1.0,8.62,4,2,7.0,0
0.7667,0.2435,0.5,0.6,4.87,3,3,6.0,0
0.319,0.9595,1.0,0.0,9.59,3,2,6.0,1
0.8724,0.6522,1.0,0.0,6.52,1,5,6.0,1
0.6719,0.9676,0.5,1.0,9.68,3,4,7.5,1
0.3721,0.2138,0.5,0.6,4.28,3,4,5.5,0
0.1341,0.2359,0.0,0.6,4.72,3,5,6.0,0
0.6548,0.2796,1.0,0.0,5.59,2,3,6.5,0
0.1885,0.802,0.0,0.3,8.02,6,5,7.5,0
0.426,0.207,0.5,0.0,4.14,2,1,6.0,0
0.4112,0.7735,1.0,0.3,7.74,6,1,5.5,1
0.4559,0.6957,0.0,0.6,6.96,2,3,6.0,0
0.2596,0.9327,0.0,1.0,9.33,4,4,7.0,0
0.321,0.2792,1.0,0.6,5.58,6,5,7.0,0
0.7084,0.3208,1.0,0.3,6.42,3,2,6.5,0
0.4181,0.2242,0.0,0.6,4.48,2,4,7.5,0
0.3693,0.7075,1.0,1.0,7.08,1,5,6.5,1
0.6214,0.8563,1.0,1.0,8.56,1,5,6.0,1
0.8576,0.839,1.0,0.0,8.39,5,1,7.5,1
0.4508,0.2363,0.0,0.6,4.73,6,4,6.5,0
0.7295,0.7714,0.0,0.6,7.71,6,3,5.5,1
0.1149,0.937,0.0,0.6,9.37,1,1,6.5,0
0.3445,0.9824,0.5,0.3,9.82,1,2,5.5,0
0.855,0.2579,0.0,0.6,5.16,7,5,6.0,0
0.338,0.9327,0.0,0.6,9.33,1,3,6.0,0
0.3171,0.2106,0.0,0.0,4.21,2,2,7.5,0
0.849,0.7905,1.0,0.6,7.9,7,5,6.5,1
0.3097,0.9764,1.0,0.6,9.76,6,1,6.5,1
0.3701,0.8998,0.5,0.3,9.0,1,5,5.5,0
0.6429,0.3633,0.5,0.0,7.27,3,3,7.5,0
0.4616,0.2328,1.0,0.0,4.66,5,4,7.5,0
0.4702,0.8997,1.0,0.3,9.0,1,5,5.5,1
0.2457,0.2673,1.0,1.0,5.35,7,2,7.5,0
0.6468,0.8372,1.0,0.6,8.37,3,2,7.5,1
0.0612,0.8208,0.5,0.0,8.21,2,5,7.0,0
0.1164,0.9674,1.0,0.6,9.67,4,1,6.0,0
0.2064,0.7983,1.0,1.0,7.98,7,5,5.5,1
0.5452,0.2444,1.0,1.0,4.89,6,4,6.0,1
0.6425,0.236,0.5,0.3,4.72,4,1,5.5,0
0.6404,0.9101,1.0,0.3,9.1,2,1,5.5,1
0.3283,0.7481,1.0,1.0,7.48,7,2,5.5,1
0.1903,0.9329,0.5,1.0,9.33,4,5,6.5,1
0.6664,0.8144,0.5,0.0,8.14,6,2,5.5,1
0.766,0.9318,0.0,0.3,9.32,6,3,7.5,1
0.5254,0.3315,1.0,0.3,6.63,5,1,7.5,0
0.2858,0.8016,1.0,1.0,8.02,1,3,7.5,1
0.4513,0.8359,1.0,0.6,8.36,5,5,6.0,1
0.0637,0.9788,0.0,0.6,9.79,1,3,7.5,0
0.9062,0.7725,1.0,0.0,7.72,5,2,5.5,1
0.5202,0.9385,1.0,1.0,9.39,4,5,5.5,1
0.1218,0.9045,0.0,0.6,9.04,5,4,7.5,0
0.7162,0.2164,0.0,1.0,4.33,3,1,7.0,1
0.6098,0.7254,1.0,0.0,7.25,3,1,7.0,1
0.2292,0.7623,0.5,0.6,7.62,2,3,7.5,0
0.1522,0.8129,1.0,0.6,8.13,7,4,5.5,1
0.1194,0.2243,1.0,0.6,4.49,7,3,7.5,0
0.8813,0.3512,0.0,1.0,7.02,6,1,7.5,0
0.2506,0.9596,0.0,1.0,9.6,1,4,7.0,0
0.4051,0.6573,0.0,0.0,6.57,3,4,6.5,0
0.8645,0.6723,0.5,1.0,6.72,5,4,6.0,1
0.4207,0.7691,0.0,0.6,7.69,1,1,6.0,0
0.5816,0.6287,1.0,1.0,6.29,6,5,6.0,1
0.8859,0.8882,0.0,1.0,8.88,7,1,7.5,1
0.4272,0.2395,0.0,0.0,4.79,3,2,7.5,0
0.5419,0.3263,0.0,0.0,6.53,1,3,7.5,0
0.49,0.6075,1.0,0.0,6.07,7,2,5.5,1
0.3531,0.3161,0.5,1.0,6.32,1,4,7.0,0
0.7746,0.6303,0.5,0.0,6.3,7,5,6.0,1
0.2457,0.8236,1.0,0.6,8.24,4,5,5.5,0
0.7533,0.2391,0.5,1.0,4.78,7,4,5.5,1
0.3602,0.8083,0.5,0.6,8.08,3,5,7.5,1
0.2948,0.758,1.0,0.6,7.58,7,3,5.5,1
0.0961,0.2492,1.0,1.0,4.98,4,5,5.5,0
0.6586,0.7179,1.0,0.3,7.18,7,4,6.0,1
0.4467,0.2702,1.0,0.6,5.4,5,3,6.5,0
0.6157,0.2601,0.5,0.3,5.2,3,3,7.5,0
0.7389,0.2411,0.5,0.0,4.82,4,3,7.5,0
0.4927,0.8322,1.0,0.0,8.32,3,5,6.0,1
0.5645,0.9058,1.0,1.0,9.06,3,4,7.0,1
0.368,0.9051,0.5,1.0,9.05,2,5,7.0,1
0.3716,0.7665,0.0,1.0,7.67,2,1,6.5,0
0.671,0.9878,1.0,0.6,9.88,2,2,6.0,1
0.4932,0.3009,0.5,1.0,6.02,5,1,7.0,0
0.4987,0.203,1.0,0.6,4.06,1,4,5.5,0
0.3209,0.7657,0.5,0.3,7.66,7,2,6.0,0
0.5336,0.9704,0.5,0.6,9.7,4,5,6.0,1
0.4082,0.8897,0.0,1.0,8.9,4,1,6.0,1
0.086,0.6998,0.5,0.3,7.0,2,1,6.5,0
0.4292,0.9936,0.0,0.3,9.94,3,1,7.5,0
0.3153,0.3426,0.5,0.6,6.85,6,5,7.0,0
0.6786,0.2109,0.0,0.3,4.22,5,2,5.5,0
0.5367,0.9374,1.0,0.3,9.37,4,3,6.5,1
0.3719,0.309,1.0,0.6,6.18,6,3,6.5,0
0.0198,0.9894,0.0,0.0,9.89,3,3,5.5,0
0.3891,0.9617,0.0,0.0,9.62,4,2,6.0,0
0.5484,0.7494,0.5,1.0,7.49,6,3,6.5,1
0.3406,0.2916,1.0,1.0,5.83,4,5,6.0,0
0.37,0.2489,0.0,0.6,4.98,3,1,7.5,0
0.4786,0.2333,0.0,0.0,4.67,3,5,7.5,0
0.05,0.8106,1.0,1.0,8.11,5,5,6.5,1
0.8578,0.5511,1.0,0.0,5.51,5,3,5.5,1
0.9069,0.8176,0.0,0.6,8.18,6,3,6.0,1
0.9894,0.2079,0.5,0.6,4.16,1,3,7.5,1
0.4718,0.2213,1.0,1.0,4.43,5,5,7.5,1
0.2314,0.2374,0.5,0.6,4.75,4,3,5.5,0
0.0719,0.848,0.0,0.0,8.48,7,3,7.0,0
0.7045,0.8226,1.0,0.6,8.23,4,5,7.5,1
0.6323,0.871,0.0,0.6,8.71,4,5,6.5,1
0.5225,0.788,0.5,1.0,7.88,4,1,6.5,1
0.6878,0.9998,1.0,1.0,10.0,4,5,5.5,1
0.3839,0.6622,1.0,0.3,6.62,7,2,5.5,0
0.8463,0.2512,1.0,0.6,5.02,7,4,6.5,1
0.16,0.86,0.0,0.0,8.6,3,4,6.5,0
0.3696,0.2951,0.5,1.0,5.9,5,2,7.5,0
0.3766,0.3032,0.5,0.0,6.06,7,3,7.0,0
0.3361,0.7431,1.0,0.3,7.43,2,3,7.0,1
0.0287,0.8366,0.0,0.6,8.37,7,3,7.0,0
0.774,0.2352,1.0,0.6,4.7,7,1,6.0,1
0.7538,0.299,1.0,0.6,5.98,7,1,7.5,1
0.572,0.2287,0.0,1.0,4.57,2,4,7.0,0
0.2567,0.3176,1.0,1.0,6.35,5,4,7.5,1
0.414,0.2544,0.5,1.0,5.09,5,1,7.0,0
0.2094,0.2928,1.0,1.0,5.86,6,5,6.0,0
0.5708,0.6713,0.0,0.6,6.71,7,5,6.0,0
0.6347,0.8763,0.5,0.6,8.76,6,2,7.5,1
0.9154,0.317,1.0,0.3,6.34,1,5,6.5,1
0.3211,0.8045,1.0,1.0,8.05,7,4,6.5,1
0.3721,0.7889,1.0,0.0,7.89,7,2,7.5,1
0.5178,0.7937,1.0,1.0,7.94,3,3,7.0,1
0.1935,0.2861,1.0,0.3,5.72,6,3,6.0,0
0.1321,0.2938,1.0,0.0,5.88,7,1,7.0,0
0.3102,0.8421,1.0,0.6,8.42,3,5,7.5,1
0.7515,0.9167,0.5,0.6,9.17,4,1,6.0,1
0.591,0.9959,1.0,0.6,9.96,3,4,6.0,1
0.5363,0.8799,0.0,0.6,8.8,4,2,5.5,1
0.263,0.6742,1.0,0.6,6.74,7,2,6.5,0
0.874,0.2273,1.0,1.0,4.55,2,4,7.0,1
0.2884,0.9382,0.5,1.0,9.38,2,5,6.0,0
0.7817,0.2663,0.0,0.0,5.33,7,2,7.0,0
0.2301,0.9993,0.5,0.6,9.99,3,1,6.5,0
0.5079,0.795,0.0,0.0,7.95,2,3,7.0,0
0.8511,0.8706,1.0,1.0,8.71,6,4,5.5,1
0.5868,0.7985,1.0,0.0,7.98,3,2,7.5,1
0.6313,0.8205,1.0,0.6,8.2,1,4,7.0,1
0.8177,0.8838,0.5,0.0,8.84,1,4,7.0,1
0.4309,0.8404,1.0,0.6,8.4,1,4,7.0,1
0.5255,0.8993,0.5,1.0,8.99,3,4,6.0,1
0.3341,0.2747,1.0,0.0,5.49,6,5,6.5,0
0.5419,0.3234,0.0,1.0,6.47,2,5,7.5,0
0.8745,0.6975,0.0,0.3,6.97,7,5,6.5,1
0.7833,0.2069,0.0,0.6,4.14,7,2,7.0,0
0.8351,0.9048,0.0,0.3,9.05,1,2,7.5,1
0.2651,0.7517,0.0,0.6,7.52,7,3,7.0,0
0.6818,0.9052,1.0,0.0,9.05,3,4,7.5,1
0.1302,0.87,1.0,0.3,8.7,4,5,5.5,1
0.4397,0.9521,1.0,0.6,9.52,7,1,7.5,1
0.6024,0.9166,1.0,0.6,9.17,6,3,7.0,1
0.1073,0.8029,1.0,0.0,8.03,7,3,7.5,0
0.0577,0.3287,0.0,1.0,6.57,4,2,7.0,0
0.9053,0.3016,1.0,0.6,6.03,4,2,7.0,1
0.504,0.8662,1.0,1.0,8.66,6,1,6.0,1
0.6202,0.8968,1.0,0.0,8.97,1,2,6.5,1
0.7905,0.8006,0.0,1.0,8.01,6,4,6.0,1
0.5582,0.291,1.0,0.3,5.82,6,5,6.5,1
0.7362,0.3018,1.0,0.3,6.04,2,2,7.0,1
0.283,0.9725,1.0,1.0,9.72,5,1,5.5,1
0.1178,0.7326,1.0,0.3,7.33,4,5,7.0,0
0.4848,0.8179,1.0,0.6,8.18,4,2,6.5,1
0.3222,0.9711,1.0,0.0,9.71,1,5,7.5,0
0.828,0.7193,0.5,0.6,7.19,4,1,5.5,1
0.3966,0.2223,1.0,0.3,4.45,6,1,6.5,0
0.4107,0.9235,0.0,0.3,9.24,4,5,6.0,0
0.4143,0.3731,1.0,0.0,7.46,4,2,7.5,0
0.4408,0.7105,1.0,1.0,7.1,4,2,7.0,1
0.5221,0.9155,1.0,1.0,9.15,7,5,6.5,1
0.6586,0.6188,1.0,0.0,6.19,1,3,6.0,1
0.4544,0.9601,0.5,1.0,9.6,7,5,7.5,1
0.6674,0.7673,0.5,1.0,7.67,2,5,7.0,1
0.3083,0.3135,0.0,0.0,6.27,7,3,7.0,0
0.5714,0.7743,1.0,1.0,7.74,3,3,7.0,1
0.4949,0.9771,1.0,1.0,9.77,3,2,6.0,1
0.8826,0.7313,1.0,0.3,7.31,7,2,6.0,1
0.6122,0.7798,1.0,1.0,7.8,5,5,5.5,1
0.4278,0.7937,0.0,0.6,7.94,1,1,7.5,0
0.8554,0.2831,0.0,0.3,5.66,3,1,6.5,0
0.2704,0.7276,0.5,0.6,7.28,5,3,6.5,0
0.5385,0.2,1.0,0.6,4.0,1,1,7.5,1
0.8887,0.7227,0.5,1.0,7.23,6,1,6.5,1
0.9584,0.8205,0.0,0.6,8.2,3,4,6.5,1
0.3545,0.3354,1.0,0.6,6.71,4,2,7.5,0
0.7725,0.6304,0.0,1.0,6.3,1,2,5.5,1
0.7071,0.3016,0.5,0.6,6.03,5,4,6.5,1
0.4224,0.3351,1.0,0.6,6.7,6,1,7.5,1
0.3874,0.3071,0.5,0.6,6.14,1,4,6.5,0
0.6149,0.2868,1.0,1.0,5.74,5,5,6.0,1
0.1492,0.9609,1.0,1.0,9.61,4,5,5.5,1
0.1605,0.739,0.0,0.6,7.39,5,5,5.5,0
0.7481,0.2192,1.0,0.3,4.38,2,4,6.0,1
0.5596,0.7613,1.0,0.3,7.61,7,1,6.5,1
0.7111,0.2223,0.5,1.0,4.45,7,2,6.5,1
0.2484,0.2634,1.0,0.3,5.27,5,2,7.0,0
0.9135,0.7625,0.5,0.6,7.63,1,5,5.5,1
0.5009,0.7079,1.0,0.6,7.08,4,2,6.5,1
0.757,0.3594,1.0,0.0,7.19,2,4,7.5,0
0.3344,0.6457,0.0,0.0,6.46,5,4,6.0,0
0.5678,0.8877,1.0,1.0,8.88,2,2,7.5,1
0.682,0.2028,1.0,0.3,4.06,4,3,5.5,1
0.7702,0.3604,0.0,0.6,7.21,7,4,7.5,0
0.3983,0.2793,0.0,0.6,5.59,7,5,7.5,0
0.3274,0.282,1.0,0.3,5.64,7,3,7.0,0
0.889,0.8291,0.0,0.6,8.29,7,4,6.0,1
0.5617,0.2849,0.0,0.3,5.7,4,5,6.5,0
0.2231,0.8414,0.0,1.0,8.41,2,4,7.0,0
0.354,0.2363,1.0,1.0,4.73,7,4,5.5,1
0.7504,0.2874,1.0,0.0,5.75,1,5,6.0,0
0.4119,0.2888,1.0,0.6,5.78,5,4,7.5,0
0.7335,0.6268,0.0,0.6,6.27,1,3,6.0,0
0.6335,0.6817,0.5,0.6,6.82,1,4,6.0,1
0.3496,0.2283,1.0,1.0,4.57,1,1,7.5,0
0.499,0.8024,0.0,0.3,8.02,7,3,5.5,0
0.3194,0.6498,1.0,0.0,6.5,2,4,6.0,1
0.4166,0.2321,1.0,1.0,4.64,5,2,6.0,0
0.2784,0.7725,1.0,0.6,7.72,4,1,6.0,0
0.3828,0.2153,0.5,0.3,4.31,6,5,6.0,0
0.6979,0.3365,0.0,1.0,6.73,2,2,7.5,0
0.6712,0.2726,1.0,1.0,5.45,4,1,7.5,1
0.5984,0.3403,1.0,1.0,6.81,4,3,7.5,1
0.7831,0.9507,1.0,0.6,9.51,3,3,7.5,1
0.6346,0.2827,1.0,1.0,5.65,3,5,7.5,1
0.7812,0.2487,1.0,0.3,4.97,1,5,6.5,1
0.7113,0.7376,1.0,1.0,7.38,5,4,6.0,1
0.4133,0.2354,0.0,1.0,4.71,5,4,6.0,0
0.8013,0.6389,0.0,0.6,6.39,7,4,6.0,0
0.6989,0.2857,0.0,0.0,5.71,1,2,6.5,0
0.8139,0.7138,1.0,1.0,7.14,3,1,6.5,1
0.72,0.2008,0.5,0.0,4.02,6,2,5.5,0
0.855,0.2052,1.0,1.0,4.1,4,4,6.5,1
0.604,0.6021,0.5,0.3,6.02,2,4,5.5,1
0.6879,0.706,1.0,0.0,7.06,7,3,5.5,1
0.8627,0.8755,0.5,0.0,8.75,1,4,7.5,1
0.776,0.995,1.0,0.0,9.95,1,5,5.5,1
0.3606,0.8565,0.5,1.0,8.57,7,3,7.0,1
0.4949,0.277,1.0,0.3,5.54,5,4,7.0,0
0.7646,0.2268,0.0,1.0,4.54,1,1,6.5,0
0.3399,0.9604,1.0,1.0,9.6,7,3,7.5,1
0.3679,0.8433,0.0,0.3,8.43,5,4,6.0,0
0.799,0.8589,0.5,0.3,8.59,3,2,5.5,1
0.6283,0.875,0.5,0.3,8.75,2,4,6.0,0
0.4799,0.215,1.0,1.0,4.3,1,1,7.5,1
0.8361,0.9088,0.0,1.0,9.09,1,2,6.5,1
0.5364,0.345,1.0,0.6,6.9,7,5,7.5,1
0.443,0.2592,0.0,0.6,5.18,5,3,7.5,0
0.83,0.6233,1.0,0.6,6.23,2,1,5.5,1
0.7911,0.2541,1.0,1.0,5.08,4,2,7.5,1
0.4313,0.8456,0.5,1.0,8.46,7,3,5.5,1
0.4004,0.2383,0.0,0.3,4.77,6,1,6.5,0
0.6731,0.2061,1.0,0.0,4.12,5,1,5.5,0
0.5209,0.2326,1.0,0.0,4.65,5,5,5.5,0
0.6511,0.6822,1.0,0.3,6.82,7,2,5.5,1
0.184,0.875,1.0,0.6,8.75,5,2,6.5,1
0.8733,0.8498,1.0,1.0,8.5,2,3,7.5,1
0.5299,0.3178,1.0,0.6,6.36,4,4,6.5,1
0.1625,0.5942,0.5,1.0,5.94,3,1,5.5,0
0.373,0.2999,0.5,1.0,6.0,6,3,7.5,0
0.5872,0.8374,1.0,0.6,8.37,2,3,6.5,1
0.6005,0.9618,0.0,1.0,9.62,7,2,7.0,1
0.1758,0.9853,1.0,0.3,9.85,5,1,6.0,0
0.5226,0.2035,1.0,0.3,4.07,7,3,6.0,0
0.2609,0.715,0.0,1.0,7.15,2,5,6.0,0
0.7111,0.8217,1.0,0.6,8.22,5,4,7.5,1
0.7094,0.9871,1.0,0.6,9.87,1,4,6.0,1
0.3099,0.2681,1.0,1.0,5.36,4,4,7.0,0
0.8694,0.9833,0.0,0.6,9.83,5,1,6.0,1
0.4548,0.7336,0.0,0.0,7.34,1,2,6.5,0
0.6487,0.2219,1.0,0.6,4.44,6,2,7.5,1
0.3371,0.2118,1.0,0.0,4.24,1,4,7.0,0
0.3291,0.9329,0.5,0.0,9.33,4,4,5.5,0
0.1294,0.3099,1.0,0.6,6.2,1,1,6.5,0
0.2267,0.6511,1.0,0.0,6.51,2,1,5.5,0
0.5457,0.8366,0.5,0.3,8.37,7,2,6.5,1
0.7584,0.2904,0.0,1.0,5.81,2,4,7.0,1
0.5954,0.2516,0.5,1.0,5.03,3,2,7.0,1
0.3844,0.9107,1.0,1.0,9.11,6,5,6.0,1
0.8873,0.2715,1.0,1.0,5.43,5,5,7.5,1
0.6539,0.9163,1.0,1.0,9.16,3,4,6.5,1
0.1171,0.3427,1.0,0.0,6.85,3,1,7.0,0
0.6431,0.7008,0.0,0.3,7.01,7,3,6.5,0
0.5351,0.9528,0.5,0.3,9.53,2,4,6.0,1
0.3532,0.3081,0.5,1.0,6.16,2,2,7.0,0
0.3417,0.7134,0.5,1.0,7.13,5,4,6.5,1
0.228,0.8836,0.0,1.0,8.84,6,2,6.5,0
0.5872,0.2844,1.0,0.6,5.69,1,5,7.5,1
0.8008,0.5519,1.0,0.0,5.52,6,2,5.5,1
0.905,0.6123,1.0,0.3,6.12,3,4,6.0,1
0.7228,0.2426,0.5,0.6,4.85,4,1,6.0,1
0.028,0.2321,0.0,1.0,4.64,4,1,5.5,0
0.7059,0.9746,1.0,0.3,9.75,1,2,5.5,1
0.0768,0.6789,0.0,0.6,6.79,3,3,6.5,0
0.5046,0.9173,1.0,0.0,9.17,7,3,7.5,1
0.1374,0.3412,1.0,0.6,6.82,4,2,7.0,0
0.7608,0.2459,1.0,0.0,4.92,6,3,7.0,1
0.5778,0.8954,0.0,0.6,8.95,4,2,6.0,1
0.1243,0.2879,1.0,0.0,5.76,4,3,7.5,0
0.4302,0.9447,0.5,0.3,9.45,7,2,6.5,1
0.2298,0.8062,0.0,0.6,8.06,7,1,5.5,0
0.5587,0.2435,0.5,0.6,4.87,5,1,5.5,0
0.1097,0.2537,1.0,1.0,5.07,2,2,6.5,0
0.3865,0.3496,1.0,0.3,6.99,1,3,7.0,0
0.6655,0.8887,0.0,0.0,8.89,2,2,7.5,0
0.7689,0.7541,0.0,0.0,7.54,6,1,6.5,0
0.4337,0.7837,0.5,0.6,7.84,2,1,5.5,1
0.5214,0.8236,0.5,0.6,8.24,6,4,6.5,1
0.7768,0.2992,1.0,1.0,5.98,2,1,6.5,1
0.4845,0.7953,0.0,0.0,7.95,7,1,7.5,0
0.1242,0.7059,0.0,0.6,7.06,6,2,6.5,0
0.7224,0.3632,0.5,0.6,7.26,6,2,7.5,0
0.5775,0.9137,0.5,1.0,9.14,7,1,7.0,1
0.3596,0.2675,0.5,0.3,5.35,3,5,7.0,0
0.196,0.3422,1.0,0.3,6.84,2,2,7.5,0
0.5758,0.2919,0.0,0.3,5.84,7,3,7.5,0
0.5195,0.2872,0.5,1.0,5.74,7,2,7.0,0
0.2072,0.2913,1.0,1.0,5.83,4,4,6.0,0
0.7459,0.2769,1.0,0.6,5.54,4,2,6.0,1
0.6245,0.9368,0.0,0.6,9.37,5,4,7.0,0
0.173,0.3537,1.0,0.3,7.07,3,1,7.5,0
0.9048,0.2221,1.0,0.6,4.44,7,4,6.5,1
0.343,0.839,0.5,0.0,8.39,6,2,5.5,0
0.5515,0.2579,0.0,1.0,5.16,5,4,7.5,0
0.563,0.8997,0.0,0.6,9.0,3,1,6.0,0
0.6316,0.7471,0.0,0.6,7.47,6,2,6.0,1
0.6109,0.2531,0.0,0.6,5.06,7,1,7.0,0
